fecha_consulta,periodo,importacion_tablero,importacion_pct,hidroelectrica_tablero,hidroelectrica_pct,termica_tablero,termica_pct,renovable_tablero,renovable_pct,exportacion_tablero,exportacion_pct,generacion_bruta_tablero,unidad_declarada,paute_tablero,sopladora_tablero,mazar_tablero
2026-08-16T12:52:05+00:00,dia,54.409,0.18,23005.072,74.15,7850.54,25.31,113.202,0.36,48.44,0.16,31023.223,según tablero CENACE (magnitud por validar contra informes oficiales),3734.0,2208.0,472.0
2026-08-16T12:52:05+00:00,mes,487.52,0.44,87364.327,78.42,21060.46,18.9,2496.245,2.24,121.75,0.11,111408.553,según tablero CENACE (magnitud por validar contra informes oficiales),22660.0,11001.0,2827.0
2026-08-16T12:52:05+00:00,anio,25291.82,1.7,1122911.02,75.5,302427.165,20.33,36683.835,2.47,1462.02,0.1,1487313.84,según tablero CENACE (magnitud por validar contra informes oficiales),219377.0,114685.0,34067.0
2026-08-17T12:57:02+00:00,dia,40.516,0.13,21715.181,71.96,8289.613,27.47,130.308,0.43,44.631,0.15,30175.619,según tablero CENACE (magnitud por validar contra informes oficiales),3093.0,1796.0,97.0
2026-08-17T12:57:02+00:00,mes,386.04,0.36,82207.442,77.71,20918.36,19.77,2279.37,2.15,138.82,0.13,105791.212,según tablero CENACE (magnitud por validar contra informes oficiales),19581.0,10408.0,2888.0
2026-08-17T12:57:02+00:00,anio,25677.86,1.61,1205118.463,75.65,323345.525,20.3,38963.205,2.45,1600.84,0.1,1593105.052,según tablero CENACE (magnitud por validar contra informes oficiales),238958.0,125093.0,36955.0
2026-08-18T12:58:22+00:00,mes,112.56,0.12,73423.877,75.64,21427.378,22.07,2109.145,2.17,114.06,0.12,97072.96,según tablero CENACE (magnitud por validar contra informes oficiales),11936.0,6884.0,1820.0
2026-08-18T12:58:22+00:00,anio,25790.42,1.53,1278594.828,75.65,344772.903,20.4,41072.35,2.43,1714.9,0.1,1690230.5,según tablero CENACE (magnitud por validar contra informes oficiales),250895.0,131977.0,38775.0
2026-08-18T12:58:22+00:00,dia,42.037,0.13,22943.393,73.3,8155.125,26.05,159.573,0.51,42.985,0.14,31300.128,según tablero CENACE (magnitud por validar contra informes oficiales),3835.0,2312.0,98.0
2026-08-19T12:59:15+00:00,anio,25893.56,1.44,1360486.885,75.73,367159.315,20.44,43046.212,2.4,1795.53,0.1,1796585.972,según tablero CENACE (magnitud por validar contra informes oficiales),266438.0,140957.0,40791.0
2026-08-19T12:59:15+00:00,dia,23.872,0.07,23937.314,73.7,8274.259,25.48,243.196,0.75,46.443,0.14,32478.642,según tablero CENACE (magnitud por validar contra informes oficiales),4509.0,2545.0,1050.0
2026-08-19T12:59:15+00:00,mes,103.14,0.1,81892.057,77.0,22386.412,21.05,1973.862,1.86,80.63,0.08,106355.472,según tablero CENACE (magnitud por validar contra informes oficiales),15543.0,8980.0,2015.0
2026-08-20T13:01:54+00:00,dia,35.943,0.1,25098.411,72.76,8734.093,25.32,626.008,1.81,23.093,0.07,34494.454,según tablero CENACE (magnitud por validar contra informes oficiales),4746.0,2804.0,707.0
2026-08-20T13:01:54+00:00,anio,26339.25,1.38,1445198.28,75.82,389434.255,20.43,45218.91,2.37,1974.4,0.1,1906190.695,según tablero CENACE (magnitud por validar contra informes oficiales),283882.0,150599.0,43404.0
2026-08-20T13:01:54+00:00,mes,445.69,0.41,84711.395,77.29,22274.94,20.32,2172.697,1.98,178.87,0.16,109604.723,según tablero CENACE (magnitud por validar contra informes oficiales),17444.0,9642.0,2613.0
2026-08-21T13:01:04+00:00,mes,1364.06,1.23,85191.982,76.54,21842.747,19.62,2906.31,2.61,65.75,0.06,111305.1,según tablero CENACE (magnitud por validar contra informes oficiales),19900.0,9959.0,3664.0
2026-08-21T13:01:04+00:00,anio,27703.31,1.37,1530390.262,75.86,411277.003,20.39,48125.22,2.39,2040.15,0.1,2017495.795,según tablero CENACE (magnitud por validar contra informes oficiales),303782.0,160557.0,47068.0
2026-08-21T13:01:04+00:00,dia,2258.203,6.52,23120.381,66.73,8684.989,25.07,583.936,1.69,0.0,0.0,34647.509,según tablero CENACE (magnitud por validar contra informes oficiales),2748.0,1551.0,945.0
2026-08-22T12:52:08+00:00,dia,27.728,0.08,25154.438,76.87,7218.847,22.06,324.455,0.99,81.352,0.25,32725.469,según tablero CENACE (magnitud por validar contra informes oficiales),4666.0,2650.0,740.0
2026-08-22T12:52:08+00:00,anio,29029.27,1.36,1615092.702,75.86,433181.895,20.35,51613.327,2.42,2142.84,0.1,2128917.195,según tablero CENACE (magnitud por validar contra informes oficiales),322301.0,170380.0,50145.0
2026-08-22T12:52:08+00:00,mes,1325.96,1.19,84702.44,76.02,21904.893,19.66,3488.108,3.13,102.69,0.09,111421.4,según tablero CENACE (magnitud por validar contra informes oficiales),18520.0,9823.0,3077.0
2026-08-23T12:53:13+00:00,dia,1169.929,3.91,20470.054,68.45,8052.867,26.93,211.903,0.71,0.0,0.0,29904.754,según tablero CENACE (magnitud por validar contra informes oficiales),3452.0,2060.0,
2026-08-23T12:53:13+00:00,mes,1325.96,1.19,84702.44,76.02,21904.893,19.66,3488.108,3.13,102.69,0.09,111421.4,según tablero CENACE (magnitud por validar contra informes oficiales),18520.0,9823.0,3077.0
2026-08-23T12:53:13+00:00,anio,29029.27,1.36,1615092.702,75.86,433181.895,20.35,51613.327,2.42,2142.84,0.1,2128917.195,según tablero CENACE (magnitud por validar contra informes oficiales),322301.0,170380.0,50145.0
2026-08-24T13:03:42+00:00,dia,2547.695,7.96,20914.477,65.38,8281.021,25.89,244.238,0.76,0.0,0.0,31987.432,según tablero CENACE (magnitud por validar contra informes oficiales),1878.0,1135.0,221.0
2026-08-24T13:03:42+00:00,anio,29029.27,1.36,1615092.702,75.86,433181.895,20.35,51613.327,2.42,2142.84,0.1,2128917.195,según tablero CENACE (magnitud por validar contra informes oficiales),322301.0,170380.0,50145.0
2026-08-24T13:03:42+00:00,mes,1325.96,1.19,84702.44,76.02,21904.893,19.66,3488.108,3.13,102.69,0.09,111421.4,según tablero CENACE (magnitud por validar contra informes oficiales),18520.0,9823.0,3077.0
2026-08-25T12:59:37+00:00,dia,2888.785,8.8,22176.703,67.57,7568.96,23.06,184.582,0.56,0.0,0.0,32819.03,según tablero CENACE (magnitud por validar contra informes oficiales),2506.0,1467.0,568.0
2026-08-25T12:59:37+00:00,mes,1411.86,1.37,79431.435,76.98,19553.69,18.95,2785.597,2.7,118.93,0.12,103182.583,según tablero CENACE (magnitud por validar contra informes oficiales),15511.0,8694.0,1817.0
2026-08-25T12:59:37+00:00,anio,33072.34,1.41,1778379.357,75.91,473736.638,20.22,57569.002,2.46,2301.54,0.1,2342757.337,según tablero CENACE (magnitud por validar contra informes oficiales),353808.0,187538.0,55214.0
2026-08-26T13:05:14+00:00,mes,7283.41,6.67,79194.18,72.57,20223.243,18.53,2433.993,2.23,0.0,0.0,109134.825,según tablero CENACE (magnitud por validar contra informes oficiales),13186.0,7592.0,2667.0
2026-08-26T13:05:14+00:00,anio,44026.19,1.73,1924553.092,75.57,515347.037,20.24,62745.777,2.46,2301.54,0.09,2546672.097,según tablero CENACE (magnitud por validar contra informes oficiales),376901.0,200800.0,59343.0
2026-08-26T13:05:14+00:00,dia,2904.708,8.4,23200.882,67.07,8089.515,23.38,398.331,1.15,0.0,0.0,34593.436,según tablero CENACE (magnitud por validar contra informes oficiales),2790.0,1587.0,260.0
2026-08-27T22:08:40+00:00,mes,8312.79,7.46,80189.5,71.92,20268.088,18.18,2729.53,2.45,0.0,0.0,111499.908,según tablero CENACE (magnitud por validar contra informes oficiales),13660.0,7796.0,2338.0
2026-08-27T22:08:40+00:00,anio,59985.85,2.17,2085305.18,75.31,555575.647,20.07,67917.425,2.45,2301.54,0.08,2768784.103,según tablero CENACE (magnitud por validar contra informes oficiales),404007.0,216239.0,64120.0
2026-08-27T22:08:40+00:00,dia,6397.67,7.97,56905.599,70.86,16179.405,20.15,829.355,1.03,0.0,0.0,80312.029,según tablero CENACE (magnitud por validar contra informes oficiales),10322.0,6127.0,1206.0
2026-08-28T22:08:01+00:00,dia,6456.054,7.98,57844.482,71.5,15839.664,19.58,760.13,0.94,0.0,0.0,80900.33,según tablero CENACE (magnitud por validar contra informes oficiales),10944.0,6267.0,1593.0
2026-08-28T22:08:01+00:00,anio,68384.12,2.37,2166018.262,75.19,575552.432,19.98,70696.878,2.45,2301.54,0.08,2880651.692,según tablero CENACE (magnitud por validar contra informes oficiales),419016.0,225011.0,66076.0
2026-08-28T22:08:01+00:00,mes,8398.27,7.51,80713.082,72.15,19976.785,17.86,2779.453,2.48,0.0,0.0,111867.59,según tablero CENACE (magnitud por validar contra informes oficiales),15008.0,8772.0,1956.0
2026-08-29T16:36:05+00:00,dia,3562.202,7.2,34660.54,70.01,11125.102,22.47,157.939,0.32,0.0,0.0,49505.782,según tablero CENACE (magnitud por validar contra informes oficiales),4376.0,2554.0,833.0
2026-08-29T16:36:05+00:00,anio,68384.12,2.37,2166018.262,75.19,575552.432,19.98,70696.878,2.45,2301.54,0.08,2880651.692,según tablero CENACE (magnitud por validar contra informes oficiales),419016.0,225011.0,66076.0
2026-08-29T16:36:05+00:00,mes,8398.27,7.51,80713.082,72.15,19976.785,17.86,2779.453,2.48,0.0,0.0,111867.59,según tablero CENACE (magnitud por validar contra informes oficiales),15008.0,8772.0,1956.0
2026-08-30T16:31:22+00:00,dia,2023.753,4.54,31221.999,70.03,11133.843,24.97,202.091,0.45,0.0,0.0,44581.686,según tablero CENACE (magnitud por validar contra informes oficiales),3142.0,1651.0,131.0
2026-08-30T16:31:22+00:00,anio,68384.12,2.37,2166018.262,75.19,575552.432,19.98,70696.878,2.45,2301.54,0.08,2880651.692,según tablero CENACE (magnitud por validar contra informes oficiales),419016.0,225011.0,66076.0
2026-08-30T16:31:22+00:00,mes,8398.27,7.51,80713.082,72.15,19976.785,17.86,2779.453,2.48,0.0,0.0,111867.59,según tablero CENACE (magnitud por validar contra informes oficiales),15008.0,8772.0,1956.0
2026-08-31T19:03:41+00:00,anio,82891.09,2.68,2320540.29,75.0,614866.635,19.87,75783.598,2.45,2301.54,0.07,3094081.612,según tablero CENACE (magnitud por validar contra informes oficiales),444405.0,239594.0,70268.0
2026-08-31T19:03:41+00:00,dia,4423.464,7.27,42539.467,69.95,13423.169,22.07,431.641,0.71,0.0,0.0,60817.741,según tablero CENACE (magnitud por validar contra informes oficiales),5679.0,3219.0,421.0
2026-08-31T19:03:41+00:00,mes,6730.05,6.63,72616.897,71.49,19833.87,19.53,2388.938,2.35,0.0,0.0,101569.755,según tablero CENACE (magnitud por validar contra informes oficiales),9765.0,5617.0,1934.0
2026-09-01T16:26:59+00:00,mes,4135.56,4.34,68941.615,72.3,19944.183,20.91,2338.34,2.45,0.0,0.0,95359.698,según tablero CENACE (magnitud por validar contra informes oficiales),8387.0,4407.0,1198.0
2026-09-01T16:26:59+00:00,anio,87026.65,2.73,2389481.905,74.92,634810.818,19.9,78121.938,2.45,2301.54,0.07,3189441.31,según tablero CENACE (magnitud por validar contra informes oficiales),452791.0,244001.0,71466.0
2026-09-01T16:26:59+00:00,dia,3750.376,7.91,32698.714,68.99,10732.771,22.65,212.994,0.45,0.0,0.0,47394.854,según tablero CENACE (magnitud por validar contra informes oficiales),5713.0,3334.0,247.0
2026-09-02T16:25:15+00:00,anio,94026.09,2.85,2467129.79,74.84,654728.27,19.86,80474.777,2.44,2301.54,0.07,3296358.928,según tablero CENACE (magnitud por validar contra informes oficiales),465207.0,250948.0,72839.0
2026-09-02T16:25:15+00:00,mes,6999.44,6.55,77647.885,72.62,19917.452,18.63,2352.84,2.2,0.0,0.0,106917.617,según tablero CENACE (magnitud por validar contra informes oficiales),12415.0,6947.0,1373.0
2026-09-02T16:25:15+00:00,dia,3698.259,7.65,33395.287,69.04,11074.634,22.9,199.866,0.41,0.0,0.0,48368.046,según tablero CENACE (magnitud por validar contra informes oficiales),6181.0,3670.0,494.0
2026-09-03T16:15:35+00:00,mes,7433.62,6.91,77792.902,72.33,20116.412,18.71,2202.517,2.05,0.0,0.0,107545.452,según tablero CENACE (magnitud por validar contra informes oficiales),14803.0,8450.0,1828.0
2026-09-03T16:15:35+00:00,anio,7433.62,6.91,77792.902,72.33,20116.412,18.71,2202.517,2.05,0.0,0.0,107545.452,según tablero CENACE (magnitud por validar contra informes oficiales),14803.0,8450.0,1828.0
2026-09-03T16:15:35+00:00,dia,3792.632,7.66,34651.624,69.96,10832.313,21.87,255.203,0.52,0.0,0.0,49531.771,según tablero CENACE (magnitud por validar contra informes oficiales),6122.0,3584.0,1509.0
2026-09-04T16:10:46+00:00,mes,7221.5,6.49,81523.913,73.29,20218.46,18.18,2267.24,2.04,0.0,0.0,111231.113,según tablero CENACE (magnitud por validar contra informes oficiales),16024.0,9233.0,2299.0
2026-09-04T16:10:46+00:00,dia,4252.032,8.56,34215.016,68.9,10844.379,21.84,344.611,0.69,0.0,0.0,49656.039,según tablero CENACE (magnitud por validar contra informes oficiales),6075.0,3546.0,946.0
2026-09-04T16:10:46+00:00,anio,14655.12,6.7,159316.815,72.82,40334.872,18.44,4469.757,2.04,0.0,0.0,218776.565,según tablero CENACE (magnitud por validar contra informes oficiales),30827.0,17683.0,4127.0
2026-09-05T14:58:56+00:00,dia,3362.811,8.21,27880.467,68.06,9423.752,23.01,296.369,0.72,0.0,0.0,40963.399,según tablero CENACE (magnitud por validar contra informes oficiales),4538.0,2563.0,679.0
2026-09-05T14:58:56+00:00,mes,7274.63,6.57,81164.252,73.27,19749.625,17.83,2591.257,2.34,0.0,0.0,110779.765,según tablero CENACE (magnitud por validar contra informes oficiales),15370.0,8873.0,3178.0
2026-09-05T14:58:56+00:00,anio,21929.75,6.65,240481.068,72.97,60084.497,18.23,7061.015,2.14,0.0,0.0,329556.33,según tablero CENACE (magnitud por validar contra informes oficiales),46197.0,26556.0,7305.0
2026-09-06T15:19:32+00:00,mes,8144.15,7.27,81556.188,72.78,19604.463,17.49,2752.997,2.46,0.0,0.0,112057.798,según tablero CENACE (magnitud por validar contra informes oficiales),15109.0,8748.0,2501.0
2026-09-06T15:19:32+00:00,dia,2225.252,5.51,28476.73,70.47,9305.657,23.03,403.778,1.0,0.0,0.0,40411.417,según tablero CENACE (magnitud por validar contra informes oficiales),4860.0,2498.0,1004.0
2026-09-06T15:19:32+00:00,anio,30073.9,6.81,322037.255,72.92,79688.96,18.04,9814.013,2.22,0.0,0.0,441614.128,según tablero CENACE (magnitud por validar contra informes oficiales),61306.0,35304.0,9806.0
2026-09-07T17:39:37+00:00,dia,131.816,0.25,41664.698,79.33,10380.659,19.77,341.622,0.65,44.612,0.08,52518.795,según tablero CENACE (magnitud por validar contra informes oficiales),9794.0,5328.0,1775.0
2026-09-07T17:39:37+00:00,mes,5770.51,5.41,78615.228,73.76,19395.502,18.2,2801.467,2.63,43.81,0.04,106582.708,según tablero CENACE (magnitud por validar contra informes oficiales),14807.0,8458.0,2202.0
2026-09-07T17:39:37+00:00,anio,35844.41,6.54,400652.483,73.09,99084.462,18.07,12615.48,2.3,43.81,0.01,548196.835,según tablero CENACE (magnitud por validar contra informes oficiales),76113.0,43762.0,12008.0
2026-09-08T16:28:02+00:00,dia,35.809,0.08,36457.113,76.8,10699.967,22.54,278.434,0.59,94.686,0.2,47471.322,según tablero CENACE (magnitud por validar contra informes oficiales),8492.0,4842.0,1287.0
2026-09-08T16:28:02+00:00,anio,39261.41,6.07,475122.888,73.52,116383.96,18.01,15522.805,2.4,77.14,0.01,646291.062,según tablero CENACE (magnitud por validar contra informes oficiales),88937.0,50800.0,15195.0
2026-09-08T16:28:02+00:00,mes,3417.0,3.48,74470.405,75.92,17299.498,17.64,2907.325,2.96,33.33,0.03,98094.227,según tablero CENACE (magnitud por validar contra informes oficiales),12824.0,7038.0,3187.0
2026-09-09T16:24:47+00:00,anio,39366.66,5.24,560294.453,74.56,134042.578,17.84,17716.247,2.36,246.62,0.03,751419.938,según tablero CENACE (magnitud por validar contra informes oficiales),110195.0,61234.0,18664.0
2026-09-09T16:24:47+00:00,dia,25.598,0.05,37764.497,77.28,10760.038,22.02,317.264,0.65,48.573,0.1,48867.398,según tablero CENACE (magnitud por validar contra informes oficiales),9111.0,5041.0,1698.0
2026-09-09T16:24:47+00:00,mes,105.25,0.1,85171.565,81.02,17658.618,16.8,2193.443,2.09,169.48,0.16,105128.875,según tablero CENACE (magnitud por validar contra informes oficiales),21258.0,10434.0,3469.0
2026-09-10T16:13:54+00:00,anio,39460.95,4.59,646032.375,75.16,153878.872,17.9,20127.145,2.34,443.65,0.05,859499.342,según tablero CENACE (magnitud por validar contra informes oficiales),131268.0,71913.0,22075.0
2026-09-10T16:13:54+00:00,mes,94.29,0.09,85737.923,79.33,19836.295,18.35,2410.898,2.23,197.03,0.18,108079.405,según tablero CENACE (magnitud por validar contra informes oficiales),21073.0,10679.0,3410.0
2026-09-10T16:13:54+00:00,dia,67.351,0.14,38436.694,78.52,10164.031,20.76,282.325,0.58,55.453,0.11,48950.402,según tablero CENACE (magnitud por validar contra informes oficiales),7958.0,4471.0,1132.0
2026-09-11T16:17:52+00:00,dia,30.333,0.06,37396.573,77.49,10550.804,21.86,280.071,0.58,62.396,0.13,48257.781,según tablero CENACE (magnitud por validar contra informes oficiales),8783.0,5036.0,1248.0
2026-09-11T16:17:52+00:00,mes,135.31,0.12,87439.712,79.51,20172.665,18.34,2226.965,2.02,113.78,0.1,109974.652,según tablero CENACE (magnitud por validar contra informes oficiales),20731.0,10853.0,3699.0
2026-09-11T16:17:52+00:00,anio,39596.26,4.08,733472.088,75.66,174051.538,17.95,22354.11,2.31,557.43,0.06,969473.995,según tablero CENACE (magnitud por validar contra informes oficiales),151998.0,82766.0,25774.0
2026-09-12T15:24:07+00:00,dia,56.544,0.13,32952.927,75.94,10054.119,23.17,327.164,0.75,33.092,0.08,43390.754,según tablero CENACE (magnitud por validar contra informes oficiales),7125.0,4182.0,871.0
2026-09-12T15:24:07+00:00,mes,164.51,0.15,89079.75,80.65,18797.225,17.02,2417.617,2.19,134.48,0.12,110459.103,según tablero CENACE (magnitud por validar contra informes oficiales),20532.0,10303.0,3106.0
2026-09-12T15:24:07+00:00,anio,39760.77,3.68,822551.838,76.17,192848.763,17.86,24771.728,2.29,691.91,0.06,1079933.098,según tablero CENACE (magnitud por validar contra informes oficiales),172530.0,93069.0,28880.0
2026-09-13T16:02:25+00:00,mes,116.37,0.11,86906.323,79.59,20344.89,18.63,1830.287,1.68,125.22,0.11,109197.87,según tablero CENACE (magnitud por validar contra informes oficiales),19115.0,10729.0,3203.0
2026-09-13T16:02:25+00:00,dia,51.285,0.11,33295.013,74.14,11190.704,24.92,371.012,0.83,73.033,0.16,44908.014,según tablero CENACE (magnitud por validar contra informes oficiales),7147.0,4140.0,982.0
2026-09-13T16:02:25+00:00,anio,39877.14,3.35,909458.16,76.48,213193.652,17.93,26602.015,2.24,817.13,0.07,1189130.968,según tablero CENACE (magnitud por validar contra informes oficiales),191645.0,103798.0,32083.0
